,LEA Code,LEA Name,School Code,School Name,Entity Type,Ward,Student Group,Grade,Percent Enrolled,Enrollment Count,Total Count of Students,Short Name,Total Per-Pupil Expenditure,School Expenditures: State/Local,School Expenditures: Federal,Total School Level Expenditure,School Level: State/Local,School Level: Federal,Centralized Expenditures,Centralized Expenditures: State/Local,Centralized Expenditures: Federal,Highest Grade,Lowest Grade,Accountability Framework,Level
0,001,District of Columbia Public Schools,175,School-Within-School @ Goding,DCPS,6,At-Risk,,5,,320,School-Within-School @ Goding,20573,18759,1814,13698.0,13382.0,316.0,6875.0,5377.0,1498.0,5.0,-2.0,Elementary School,Elementary School
1,001,District of Columbia Public Schools,202,Aiton Elementary School,DCPS,7,At-Risk,,76,,268,Aiton Elementary School,20775,17827,2948,13900.0,12450.0,1451.0,6875.0,5377.0,1498.0,5.0,-2.0,Elementary School,Elementary School
2,001,District of Columbia Public Schools,203,Amidon-Bowen Elementary School,DCPS,6,At-Risk,,63,,362,Amidon-Bowen Elementary School,19992,17609,2383,13117.0,12231.0,886.0,6875.0,5377.0,1498.0,5.0,-2.0,Elementary School,Elementary School
3,001,District of Columbia Public Schools,204,Bancroft Elementary School,DCPS,1,At-Risk,,25,,591,Bancroft Elementary School,20840,18501,2340,13965.0,13123.0,842.0,6875.0,5377.0,1498.0,5.0,-2.0,Elementary School,Elementary School
4,001,District of Columbia Public Schools,205,Barnard Elementary School,DCPS,4,At-Risk,,46,,700,Barnard Elementary School,21210,18738,2472,14335.0,13361.0,974.0,6875.0,5377.0,1498.0,5.0,-2.0,Elementary School,Elementary School
5,001,District of Columbia Public Schools,206,Beers Elementary School,DCPS,7,At-Risk,,55,,524,Beers Elementary School,20598,17782,2816,13723.0,12404.0,1318.0,6875.0,5377.0,1498.0,5.0,-2.0,Elementary School,Elementary School
6,001,District of Columbia Public Schools,212,Brent Elementary School,DCPS,6,At-Risk,,4,,439,Brent Elementary School,16933,15183,1750,10058.0,9805.0,252.0,6875.0,5377.0,1498.0,5.0,-2.0,Elementary School,Elementary School
7,001,District of Columbia Public Schools,213,Brightwood Education Campus,DCPS,4,At-Risk,,36,,835,Brightwood Education Campus,20682,18419,2263,13807.0,13041.0,766.0,6875.0,5377.0,1498.0,8.0,-2.0,Elementary School,K-8 School
8,001,District of Columbia Public Schools,213,Brightwood Education Campus,DCPS,4,At-Risk,,36,,835,Brightwood Education Campus,20682,18419,2263,13807.0,13041.0,766.0,6875.0,5377.0,1498.0,8.0,-2.0,Middle School,K-8 School
9,001,District of Columbia Public Schools,219,Bunker Hill Elementary School,DCPS,5,At-Risk,,45,,259,Bunker Hill Elementary School,21933,19037,2896,15058.0,13660.0,1398.0,6875.0,5377.0,1498.0,5.0,-2.0,Elementary School,Elementary School
10,001,District of Columbia Public Schools,220,Burroughs Elementary School,DCPS,5,At-Risk,,45,,301,Burroughs Elementary School,23352,20873,2479,16477.0,15496.0,981.0,6875.0,5377.0,1498.0,5.0,-2.0,Elementary School,Elementary School
11,001,District of Columbia Public Schools,221,Burrville Elementary School,DCPS,7,At-Risk,,68,,336,Burrville Elementary School,19857,17468,2389,12982.0,12091.0,891.0,6875.0,5377.0,1498.0,5.0,-2.0,Elementary School,Elementary School
12,001,District of Columbia Public Schools,224,Cleveland Elementary School,DCPS,1,At-Risk,,51,,323,Cleveland Elementary School,22738,20342,2396,15863.0,14965.0,899.0,6875.0,5377.0,1498.0,5.0,-2.0,Elementary School,Elementary School
13,001,District of Columbia Public Schools,227,H.D. Cooke Elementary School,DCPS,1,At-Risk,,44,,426,H.D. Cooke Elementary School,22164,19889,2274,15289.0,14512.0,777.0,6875.0,5377.0,1498.0,5.0,-2.0,Elementary School,Elementary School
14,001,District of Columbia Public Schools,231,Drew Elementary School,DCPS,7,At-Risk,,74,,280,Drew Elementary School,22743,19699,3044,15868.0,14322.0,1547.0,6875.0,5377.0,1498.0,5.0,-2.0,Elementary School,Elementary School
15,001,District of Columbia Public Schools,232,Eaton Elementary School,DCPS,3,At-Risk,,6,,495,Eaton Elementary School,16802,15096,1706,9927.0,9718.0,209.0,6875.0,5377.0,1498.0,5.0,-1.0,Elementary School,Elementary School
16,001,District of Columbia Public Schools,238,Garfield Elementary School,DCPS,8,At-Risk,,83,,326,Garfield Elementary School,22386,19949,2437,15511.0,14571.0,940.0,6875.0,5377.0,1498.0,5.0,-2.0,Elementary School,Elementary School
17,001,District of Columbia Public Schools,239,Garrison Elementary School,DCPS,2,At-Risk,,38,,307,Garrison Elementary School,21141,18780,2361,14266.0,13403.0,863.0,6875.0,5377.0,1498.0,5.0,-2.0,Elementary School,Elementary School
18,001,District of Columbia Public Schools,246,Hardy Middle School,DCPS,2,At-Risk,,18,,480,Hardy Middle School,19206,17330,1876,12331.0,11953.0,378.0,6875.0,5377.0,1498.0,8.0,6.0,Middle School,Middle School
19,001,District of Columbia Public Schools,247,C.W. Harris Elementary School,DCPS,7,At-Risk,,80,,262,C.W. Harris Elementary School,23506,21009,2496,16631.0,15632.0,999.0,6875.0,5377.0,1498.0,5.0,-2.0,Elementary School,Elementary School
20,001,District of Columbia Public Schools,249,Hendley Elementary School,DCPS,8,At-Risk,,90,,436,Hendley Elementary School,22187,19816,2371,15312.0,14438.0,873.0,6875.0,5377.0,1498.0,5.0,-2.0,Elementary School,Elementary School
21,001,District of Columbia Public Schools,251,Houston Elementary School,DCPS,7,At-Risk,,65,,296,Houston Elementary School,23169,20767,2402,16294.0,15390.0,904.0,6875.0,5377.0,1498.0,5.0,-2.0,Elementary School,Elementary School
22,001,District of Columbia Public Schools,252,Hyde-Addison Elementary School @ Meyer,DCPS,2,At-Risk,,11,,377,Hyde-Addison Elementary School @ Meyer,17208,15406,1802,10333.0,10028.0,304.0,6875.0,5377.0,1498.0,5.0,-2.0,Elementary School,Elementary School
23,001,District of Columbia Public Schools,254,Janney Elementary School,DCPS,3,At-Risk,,1,,748,Janney Elementary School,15805,14015,1790,8930.0,8638.0,292.0,6875.0,5377.0,1498.0,5.0,-1.0,Elementary School,Elementary School
24,001,District of Columbia Public Schools,257,Ketcham Elementary School,DCPS,8,At-Risk,,83,,334,Ketcham Elementary School,18623,16225,2399,11748.0,10847.0,901.0,6875.0,5377.0,1498.0,5.0,-2.0,Elementary School,Elementary School
25,001,District of Columbia Public Schools,258,Hearst Elementary School,DCPS,3,At-Risk,,8,,353,Hearst Elementary School,19015,17218,1797,12140.0,11841.0,299.0,6875.0,5377.0,1498.0,5.0,-1.0,Elementary School,Elementary School
26,001,District of Columbia Public Schools,259,Kimball Elementary School @ Davis,DCPS,7,At-Risk,,83,,384,Kimball Elementary School @ Davis,19018,16736,2282,12143.0,11359.0,784.0,6875.0,5377.0,1498.0,5.0,-2.0,Elementary School,Elementary School
27,001,District of Columbia Public Schools,261,Lafayette Elementary School,DCPS,4,At-Risk,,4,,904,Lafayette Elementary School,16317,14073,2244,9442.0,8695.0,746.0,6875.0,5377.0,1498.0,5.0,-1.0,Elementary School,Elementary School
28,001,District of Columbia Public Schools,262,Langdon Elementary School,DCPS,5,At-Risk,,64,,425,Langdon Elementary School,19586,17371,2215,12711.0,11994.0,718.0,6875.0,5377.0,1498.0,5.0,-2.0,Elementary School,Elementary School
29,001,District of Columbia Public Schools,264,LaSalle-Backus Education Campus,DCPS,4,At-Risk,,58,,446,LaSalle-Backus Education Campus,23166,20906,2259,16291.0,15529.0,762.0,6875.0,5377.0,1498.0,8.0,-2.0,Elementary School,K-8 School
30,001,District of Columbia Public Schools,264,LaSalle-Backus Education Campus,DCPS,4,At-Risk,,58,,446,LaSalle-Backus Education Campus,23166,20906,2259,16291.0,15529.0,762.0,6875.0,5377.0,1498.0,8.0,-2.0,Middle School,K-8 School
31,001,District of Columbia Public Schools,266,Leckie Education Campus,DCPS,8,At-Risk,,49,,576,Leckie Education Campus,18808,16386,2422,11933.0,11008.0,924.0,6875.0,5377.0,1498.0,8.0,-2.0,Elementary School,K-8 School
32,001,District of Columbia Public Schools,266,Leckie Education Campus,DCPS,8,At-Risk,,49,,576,Leckie Education Campus,18808,16386,2422,11933.0,11008.0,924.0,6875.0,5377.0,1498.0,8.0,-2.0,Middle School,K-8 School
33,001,District of Columbia Public Schools,271,Ludlow-Taylor Elementary School,DCPS,6,At-Risk,,21,,448,Ludlow-Taylor Elementary School,20481,18152,2329,13606.0,12774.0,832.0,6875.0,5377.0,1498.0,5.0,-2.0,Elementary School,Elementary School
34,001,District of Columbia Public Schools,272,Key Elementary School,DCPS,3,At-Risk,,1,,404,Key Elementary School,17696,15926,1770,10821.0,10548.0,273.0,6875.0,5377.0,1498.0,5.0,-1.0,Elementary School,Elementary School
35,001,District of Columbia Public Schools,273,Mann Elementary School,DCPS,3,At-Risk,,2,,418,Mann Elementary School,17218,15453,1765,10343.0,10075.0,267.0,6875.0,5377.0,1498.0,5.0,-1.0,Elementary School,Elementary School
36,001,District of Columbia Public Schools,274,Maury Elementary School @ Eliot-Hine,DCPS,6,At-Risk,,9,,431,Maury Elementary School @ Eliot-Hine,17255,15490,1765,10380.0,10113.0,267.0,6875.0,5377.0,1498.0,5.0,-2.0,Elementary School,Elementary School
37,001,District of Columbia Public Schools,280,Miner Elementary School,DCPS,6,At-Risk,,62,,417,Miner Elementary School,21511,19252,2259,14636.0,13874.0,761.0,6875.0,5377.0,1498.0,5.0,-2.0,Elementary School,Elementary School
38,001,District of Columbia Public Schools,284,Marie Reed Elementary School,DCPS,1,At-Risk,,28,,466,Marie Reed Elementary School,22831,20498,2332,15956.0,15121.0,835.0,6875.0,5377.0,1498.0,5.0,-2.0,Elementary School,Elementary School
39,001,District of Columbia Public Schools,285,Moten Elementary School,DCPS,8,At-Risk,,83,,403,Moten Elementary School,21305,18636,2669,14430.0,13259.0,1172.0,6875.0,5377.0,1498.0,5.0,-2.0,Elementary School,Elementary School
40,001,District of Columbia Public Schools,287,Murch Elementary School,DCPS,3,At-Risk,,5,,642,Murch Elementary School,16791,14965,1827,9916.0,9587.0,329.0,6875.0,5377.0,1498.0,5.0,-1.0,Elementary School,Elementary School
41,001,District of Columbia Public Schools,288,Nalle Elementary School,DCPS,7,At-Risk,,72,,425,Nalle Elementary School,20284,18039,2245,13409.0,12662.0,747.0,6875.0,5377.0,1498.0,5.0,-2.0,Elementary School,Elementary School
42,001,District of Columbia Public Schools,290,Noyes Elementary School,DCPS,5,At-Risk,,70,,288,Noyes Elementary School,23168,20785,2383,16293.0,15407.0,886.0,6875.0,5377.0,1498.0,5.0,-2.0,Elementary School,Elementary School
43,001,District of Columbia Public Schools,291,Lawrence E. Boone Elementary School,DCPS,8,At-Risk,,77,,458,Lawrence E. Boone Elementary School,18464,16285,2179,11589.0,10908.0,681.0,6875.0,5377.0,1498.0,5.0,-2.0,Elementary School,Elementary School
44,001,District of Columbia Public Schools,292,Oyster-Adams Bilingual School,DCPS,3,At-Risk,,8,,742,Oyster-Adams Bilingual School,18955,17158,1797,12080.0,11781.0,299.0,6875.0,5377.0,1498.0,8.0,-1.0,Elementary School,K-8 School
45,001,District of Columbia Public Schools,292,Oyster-Adams Bilingual School,DCPS,3,At-Risk,,8,,742,Oyster-Adams Bilingual School,18955,17158,1797,12080.0,11781.0,299.0,6875.0,5377.0,1498.0,8.0,-1.0,Middle School,K-8 School
46,001,District of Columbia Public Schools,294,Patterson Elementary School,DCPS,8,At-Risk,,90,,442,Patterson Elementary School,22011,19016,2995,15136.0,13639.0,1497.0,6875.0,5377.0,1498.0,5.0,-2.0,Elementary School,Elementary School
47,001,District of Columbia Public Schools,295,Payne Elementary School,DCPS,6,At-Risk,,45,,361,Payne Elementary School,21855,19466,2389,14980.0,14088.0,892.0,6875.0,5377.0,1498.0,5.0,-2.0,Elementary School,Elementary School
48,001,District of Columbia Public Schools,296,Bruce-Monroe Elementary School @ Park View,DCPS,1,At-Risk,,38,,488,Bruce-Monroe Elementary School @ Park,22121,19909,2212,15246.0,14531.0,715.0,6875.0,5377.0,1498.0,5.0,-2.0,Elementary School,Elementary School
49,001,District of Columbia Public Schools,299,Plummer Elementary School,DCPS,7,At-Risk,,75,,382,Plummer Elementary School,21110,18688,2422,14235.0,13310.0,925.0,6875.0,5377.0,1498.0,5.0,-2.0,Elementary School,Elementary School
50,001,District of Columbia Public Schools,300,Powell Elementary School,DCPS,4,At-Risk,,33,,567,Powell Elementary School,19845,17408,2436,12970.0,12031.0,939.0,6875.0,5377.0,1498.0,5.0,-2.0,Elementary School,Elementary School
51,001,District of Columbia Public Schools,302,Raymond Education Campus,DCPS,4,At-Risk,,46,,624,Raymond Education Campus,22003,19706,2297,15128.0,14328.0,800.0,6875.0,5377.0,1498.0,8.0,-2.0,Elementary School,K-8 School
52,001,District of Columbia Public Schools,302,Raymond Education Campus,DCPS,4,At-Risk,,46,,624,Raymond Education Campus,22003,19706,2297,15128.0,14328.0,800.0,6875.0,5377.0,1498.0,8.0,-2.0,Middle School,K-8 School
53,001,District of Columbia Public Schools,305,Ross Elementary School,DCPS,2,At-Risk,,3,,201,Ross Elementary School,19996,17973,2023,13121.0,12595.0,526.0,6875.0,5377.0,1498.0,5.0,-2.0,Elementary School,Elementary School
54,001,District of Columbia Public Schools,307,Savoy Elementary School,DCPS,8,At-Risk,,88,,292,Savoy Elementary School,22808,20454,2354,15933.0,15076.0,857.0,6875.0,5377.0,1498.0,5.0,-2.0,Elementary School,Elementary School
55,001,District of Columbia Public Schools,308,Malcolm X Elementary School @ Green,DCPS,8,At-Risk,,85,,280,Malcolm X Elementary School @,20612,18209,2403,13737.0,12832.0,905.0,6875.0,5377.0,1498.0,5.0,-2.0,Elementary School,Elementary School
56,001,District of Columbia Public Schools,309,Seaton Elementary School,DCPS,6,At-Risk,,35,,416,Seaton Elementary School,22624,20364,2260,15749.0,14987.0,762.0,6875.0,5377.0,1498.0,5.0,-2.0,Elementary School,Elementary School
57,001,District of Columbia Public Schools,313,Shepherd Elementary School,DCPS,4,At-Risk,,12,,396,Shepherd Elementary School,16732,14965,1766,9857.0,9588.0,269.0,6875.0,5377.0,1498.0,5.0,-2.0,Elementary School,Elementary School
58,001,District of Columbia Public Schools,315,Simon Elementary School,DCPS,8,At-Risk,,70,,290,Simon Elementary School,22475,20035,2440,15600.0,14657.0,942.0,6875.0,5377.0,1498.0,5.0,-2.0,Elementary School,Elementary School
59,001,District of Columbia Public Schools,316,Randle Highlands Elementary School,DCPS,7,At-Risk,,62,,363,Randle Highlands Elementary School,20405,17944,2462,13530.0,12566.0,964.0,6875.0,5377.0,1498.0,5.0,-2.0,Elementary School,Elementary School
60,001,District of Columbia Public Schools,318,Excel Academy,DCPS,8,At-Risk,,73,,504,Excel Academy,19872,17722,2150,12997.0,12345.0,653.0,6875.0,5377.0,1498.0,8.0,-2.0,Elementary School,K-8 School
61,001,District of Columbia Public Schools,318,Excel Academy,DCPS,8,At-Risk,,73,,504,Excel Academy,19872,17722,2150,12997.0,12345.0,653.0,6875.0,5377.0,1498.0,8.0,-2.0,Middle School,K-8 School
62,001,District of Columbia Public Schools,319,Stanton Elementary School,DCPS,8,At-Risk,,88,,522,Stanton Elementary School,19070,16804,2265,12195.0,11427.0,768.0,6875.0,5377.0,1498.0,5.0,-2.0,Elementary School,Elementary School
63,001,District of Columbia Public Schools,321,Stoddert Elementary School,DCPS,3,At-Risk,,4,,487,Stoddert Elementary School,18367,16645,1722,11492.0,11267.0,224.0,6875.0,5377.0,1498.0,5.0,-1.0,Elementary School,Elementary School
64,001,District of Columbia Public Schools,322,Smothers Elementary School,DCPS,7,At-Risk,,72,,288,Smothers Elementary School,22734,20006,2728,15859.0,14628.0,1231.0,6875.0,5377.0,1498.0,5.0,-2.0,Elementary School,Elementary School
65,001,District of Columbia Public Schools,324,Takoma Education Campus,DCPS,4,At-Risk,,42,,577,Takoma Education Campus,20777,18520,2257,13903.0,13143.0,760.0,6875.0,5377.0,1498.0,8.0,-2.0,Elementary School,K-8 School
66,001,District of Columbia Public Schools,324,Takoma Education Campus,DCPS,4,At-Risk,,42,,577,Takoma Education Campus,20777,18520,2257,13903.0,13143.0,760.0,6875.0,5377.0,1498.0,8.0,-2.0,Middle School,K-8 School
67,001,District of Columbia Public Schools,325,Thomas Elementary School,DCPS,7,At-Risk,,82,,416,Thomas Elementary School,22482,20084,2398,15607.0,14706.0,901.0,6875.0,5377.0,1498.0,5.0,-2.0,Elementary School,Elementary School
68,001,District of Columbia Public Schools,326,Thomson Elementary School,DCPS,2,At-Risk,,38,,351,Thomson Elementary School,20965,18614,2351,14090.0,13236.0,853.0,6875.0,5377.0,1498.0,5.0,-2.0,Elementary School,Elementary School
69,001,District of Columbia Public Schools,327,Truesdell Education Campus,DCPS,4,At-Risk,,49,,676,Truesdell Education Campus,19946,17539,2407,13071.0,12161.0,910.0,6875.0,5377.0,1498.0,8.0,-2.0,Elementary School,K-8 School
70,001,District of Columbia Public Schools,327,Truesdell Education Campus,DCPS,4,At-Risk,,49,,676,Truesdell Education Campus,19946,17539,2407,13071.0,12161.0,910.0,6875.0,5377.0,1498.0,8.0,-2.0,Middle School,K-8 School
71,001,District of Columbia Public Schools,328,Tubman Elementary School,DCPS,1,At-Risk,,52,,613,Tubman Elementary School,20733,18421,2311,13858.0,13044.0,814.0,6875.0,5377.0,1498.0,5.0,-2.0,Elementary School,Elementary School
72,001,District of Columbia Public Schools,329,Turner Elementary School,DCPS,8,At-Risk,,82,,537,Turner Elementary School,19375,17145,2230,12500.0,11768.0,733.0,6875.0,5377.0,1498.0,5.0,-2.0,Elementary School,Elementary School
73,001,District of Columbia Public Schools,330,Tyler Elementary School,DCPS,6,At-Risk,,38,,549,Tyler Elementary School,19659,17457,2201,12784.0,12080.0,704.0,6875.0,5377.0,1498.0,5.0,-2.0,Elementary School,Elementary School
74,001,District of Columbia Public Schools,331,Van Ness Elementary School,DCPS,6,At-Risk,,33,,292,Van Ness Elementary School,19277,17388,1890,12402.0,12010.0,392.0,6875.0,5377.0,1498.0,3.0,-2.0,Elementary School,Elementary School
75,001,District of Columbia Public Schools,332,Walker-Jones Education Campus,DCPS,6,At-Risk,,82,,449,Walker-Jones Education Campus,21965,19675,2290,15090.0,14297.0,792.0,6875.0,5377.0,1498.0,8.0,-2.0,Elementary School,K-8 School
76,001,District of Columbia Public Schools,332,Walker-Jones Education Campus,DCPS,6,At-Risk,,82,,449,Walker-Jones Education Campus,21965,19675,2290,15090.0,14297.0,792.0,6875.0,5377.0,1498.0,8.0,-2.0,Middle School,K-8 School
77,001,District of Columbia Public Schools,333,Watkins Elementary School (Capitol Hill Cluster),DCPS,6,At-Risk,,21,,460,Watkins Elementary School (Capitol Hill,15828,14055,1773,8953.0,8677.0,275.0,6875.0,5377.0,1498.0,5.0,1.0,Elementary School,Elementary School
78,001,District of Columbia Public Schools,335,Wheatley Education Campus,DCPS,5,At-Risk,,73,,353,Wheatley Education Campus,21913,19539,2374,15038.0,14162.0,876.0,6875.0,5377.0,1498.0,8.0,-2.0,Elementary School,K-8 School
79,001,District of Columbia Public Schools,335,Wheatley Education Campus,DCPS,5,At-Risk,,73,,353,Wheatley Education Campus,21913,19539,2374,15038.0,14162.0,876.0,6875.0,5377.0,1498.0,8.0,-2.0,Middle School,K-8 School
80,001,District of Columbia Public Schools,336,West Education Campus,DCPS,4,At-Risk,,39,,377,West Education Campus,20445,18121,2324,13570.0,12743.0,826.0,6875.0,5377.0,1498.0,8.0,-2.0,Elementary School,K-8 School
81,001,District of Columbia Public Schools,336,West Education Campus,DCPS,4,At-Risk,,39,,377,West Education Campus,20445,18121,2324,13570.0,12743.0,826.0,6875.0,5377.0,1498.0,8.0,-2.0,Middle School,K-8 School
82,001,District of Columbia Public Schools,338,Whittier Education Campus,DCPS,4,At-Risk,,49,,410,Whittier Education Campus,22960,20806,2154,16085.0,15428.0,657.0,6875.0,5377.0,1498.0,8.0,-2.0,Elementary School,K-8 School
83,001,District of Columbia Public Schools,338,Whittier Education Campus,DCPS,4,At-Risk,,49,,410,Whittier Education Campus,22960,20806,2154,16085.0,15428.0,657.0,6875.0,5377.0,1498.0,8.0,-2.0,Middle School,K-8 School
84,001,District of Columbia Public Schools,339,J.O. Wilson Elementary School,DCPS,6,At-Risk,,46,,528,J.O. Wilson Elementary School,20579,18330,2249,13704.0,12952.0,752.0,6875.0,5377.0,1498.0,5.0,-2.0,Elementary School,Elementary School
85,001,District of Columbia Public Schools,344,King Elementary School,DCPS,8,At-Risk,,85,,343,King Elementary School,22881,19998,2882,16006.0,14621.0,1385.0,6875.0,5377.0,1498.0,5.0,-2.0,Elementary School,Elementary School
86,001,District of Columbia Public Schools,347,Brookland Middle School,DCPS,5,At-Risk,,53,,316,Brookland Middle School,20704,18427,2276,13829.0,13050.0,779.0,6875.0,5377.0,1498.0,8.0,6.0,Middle School,Middle School
87,001,District of Columbia Public Schools,349,Dorothy I. Height Elementary School,DCPS,4,At-Risk,,41,,500,Dorothy I. Height Elementary School,22120,19945,2175,15245.0,14568.0,678.0,6875.0,5377.0,1498.0,5.0,-2.0,Elementary School,Elementary School
88,001,District of Columbia Public Schools,360,Capitol Hill Montessori School @ Logan,DCPS,6,At-Risk,,18,,383,Capitol Hill Montessori School @,17471,15700,1771,10596.0,10322.0,273.0,6875.0,5377.0,1498.0,8.0,-2.0,Elementary School,K-8 School
89,001,District of Columbia Public Schools,360,Capitol Hill Montessori School @ Logan,DCPS,6,At-Risk,,18,,383,Capitol Hill Montessori School @,17471,15700,1771,10596.0,10322.0,273.0,6875.0,5377.0,1498.0,8.0,-2.0,Middle School,K-8 School
90,001,District of Columbia Public Schools,370,Langley Elementary School,DCPS,5,At-Risk,,50,,335,Langley Elementary School,23538,21036,2502,16663.0,15658.0,1005.0,6875.0,5377.0,1498.0,5.0,-2.0,Elementary School,Elementary School
91,001,District of Columbia Public Schools,402,Benjamin Banneker High School,DCPS,1,At-Risk,,25,,488,Benjamin Banneker High School,17790,15622,2169,10915.0,10244.0,671.0,6875.0,5377.0,1498.0,12.0,9.0,High School,High School
92,001,District of Columbia Public Schools,404,Browne Education Campus,DCPS,5,At-Risk,,73,,430,Browne Education Campus,21557,19064,2493,14682.0,13686.0,996.0,6875.0,5377.0,1498.0,8.0,-2.0,Elementary School,K-8 School
93,001,District of Columbia Public Schools,404,Browne Education Campus,DCPS,5,At-Risk,,73,,430,Browne Education Campus,21557,19064,2493,14682.0,13686.0,996.0,6875.0,5377.0,1498.0,8.0,-2.0,Middle School,K-8 School
94,001,District of Columbia Public Schools,405,Deal Middle School,DCPS,3,At-Risk,,7,,1549,Deal Middle School,15797,13948,1849,8922.0,8570.0,352.0,6875.0,5377.0,1498.0,8.0,6.0,Middle School,Middle School
95,001,District of Columbia Public Schools,407,Eliot-Hine Middle School,DCPS,6,At-Risk,,60,,271,Eliot-Hine Middle School,27578,24672,2906,20703.0,19295.0,1408.0,6875.0,5377.0,1498.0,8.0,6.0,Middle School,Middle School
96,001,District of Columbia Public Schools,409,School Without Walls @ Francis-Stevens,DCPS,2,At-Risk,,15,,499,School Without Walls @ Francis-Stevens,20096,18373,1724,13221.0,12995.0,226.0,6875.0,5377.0,1498.0,8.0,-2.0,Elementary School,K-8 School
97,001,District of Columbia Public Schools,409,School Without Walls @ Francis-Stevens,DCPS,2,At-Risk,,15,,499,School Without Walls @ Francis-Stevens,20096,18373,1724,13221.0,12995.0,226.0,6875.0,5377.0,1498.0,8.0,-2.0,Middle School,K-8 School
98,001,District of Columbia Public Schools,413,Hart Middle School,DCPS,8,At-Risk,,82,,425,Hart Middle School,24910,22627,2283,18035.0,17250.0,786.0,6875.0,5377.0,1498.0,8.0,6.0,Middle School,Middle School
99,001,District of Columbia Public Schools,416,Johnson Middle School,DCPS,8,At-Risk,,82,,322,Johnson Middle School,23628,21290,2339,16753.0,15912.0,841.0,6875.0,5377.0,1498.0,8.0,6.0,Middle School,Middle School
100,001,District of Columbia Public Schools,417,Kramer Middle School,DCPS,8,At-Risk,,89,,257,Kramer Middle School,25586,22865,2721,18711.0,17488.0,1223.0,6875.0,5377.0,1498.0,8.0,6.0,Middle School,Middle School
101,001,District of Columbia Public Schools,420,MacFarland Middle School,DCPS,4,At-Risk,,40,,390,MacFarland Middle School,19925,17977,1948,13050.0,12599.0,451.0,6875.0,5377.0,1498.0,8.0,6.0,Middle School,Middle School
102,001,District of Columbia Public Schools,421,Kelly Miller Middle School,DCPS,7,At-Risk,,71,,564,Kelly Miller Middle School,20943,18845,2099,14068.0,13467.0,601.0,6875.0,5377.0,1498.0,8.0,6.0,Middle School,Middle School
103,001,District of Columbia Public Schools,427,Sousa Middle School,DCPS,7,At-Risk,,79,,263,Sousa Middle School,22939,20334,2604,16064.0,14957.0,1107.0,6875.0,5377.0,1498.0,8.0,6.0,Middle School,Middle School
104,001,District of Columbia Public Schools,428,Stuart-Hobson Middle School (Capitol Hill Cluster),DCPS,6,At-Risk,,27,,463,Stuart-Hobson Middle School (Capitol Hill,18565,16202,2363,11690.0,10824.0,866.0,6875.0,5377.0,1498.0,8.0,6.0,Middle School,Middle School
105,001,District of Columbia Public Schools,433,Jefferson Middle School Academy,DCPS,6,At-Risk,,61,,365,Jefferson Middle School Academy,20586,18361,2225,13711.0,12984.0,728.0,6875.0,5377.0,1498.0,8.0,6.0,Middle School,Middle School
106,001,District of Columbia Public Schools,435,McKinley Middle School,DCPS,5,At-Risk,,60,,262,McKinley Middle School,24374,22112,2262,17499.0,16734.0,765.0,6875.0,5377.0,1498.0,8.0,6.0,Middle School,Middle School
107,001,District of Columbia Public Schools,436,Ron Brown College Preparatory High School,DCPS,7,At-Risk,,55,,277,Ron Brown College Preparatory High,28544,25692,2852,21669.0,20314.0,1354.0,6875.0,5377.0,1498.0,11.0,9.0,High School,High School
108,001,District of Columbia Public Schools,442,Columbia Heights Education Campus,DCPS,1,At-Risk,,53,,1418,Columbia Heights Education Campus,18505,15918,2587,11630.0,10540.0,1090.0,6875.0,5377.0,1498.0,12.0,6.0,High School,High School
109,001,District of Columbia Public Schools,442,Columbia Heights Education Campus,DCPS,1,At-Risk,,53,,1418,Columbia Heights Education Campus,18505,15918,2587,11630.0,10540.0,1090.0,6875.0,5377.0,1498.0,12.0,6.0,Middle School,High School
110,001,District of Columbia Public Schools,450,Anacostia High School,DCPS,8,At-Risk,,81,,392,Anacostia High School,35043,31600,3444,28168.0,26222.0,1946.0,6875.0,5377.0,1498.0,12.0,9.0,High School,High School
111,001,District of Columbia Public Schools,452,Ballou High School,DCPS,8,At-Risk,,79,,746,Ballou High School,24518,20915,3604,17643.0,15537.0,2106.0,6875.0,5377.0,1498.0,12.0,9.0,High School,High School
112,001,District of Columbia Public Schools,454,Cardozo Education Campus,DCPS,1,At-Risk,,65,,831,Cardozo Education Campus,24539,21840,2699,17664.0,16463.0,1201.0,6875.0,5377.0,1498.0,12.0,6.0,High School,High School
113,001,District of Columbia Public Schools,454,Cardozo Education Campus,DCPS,1,At-Risk,,65,,831,Cardozo Education Campus,24539,21840,2699,17664.0,16463.0,1201.0,6875.0,5377.0,1498.0,12.0,6.0,Middle School,High School
114,001,District of Columbia Public Schools,455,Coolidge High School,DCPS,4,At-Risk,,68,,378,Coolidge High School,29588,26469,3118,22713.0,21092.0,1621.0,6875.0,5377.0,1498.0,12.0,9.0,High School,High School
115,001,District of Columbia Public Schools,456,Roosevelt STAY High School,DCPS (Alternative),4,At-Risk,,82,,846,Roosevelt STAY High School,14242,12553,1690,7367.0,7175.0,192.0,6875.0,5377.0,1498.0,13.0,9.0,Alternative Framework,High School
116,001,District of Columbia Public Schools,457,Eastern High School,DCPS,6,At-Risk,,63,,820,Eastern High School,21062,17896,3166,14187.0,12519.0,1668.0,6875.0,5377.0,1498.0,12.0,9.0,High School,High School
117,001,District of Columbia Public Schools,458,McKinley Technology High School,DCPS,5,At-Risk,,34,,638,McKinley Technology High School,19797,16863,2934,12922.0,11485.0,1437.0,6875.0,5377.0,1498.0,12.0,9.0,High School,High School
118,001,District of Columbia Public Schools,459,Roosevelt High School,DCPS,4,At-Risk,,65,,767,Roosevelt High School,23889,21281,2608,17014.0,15904.0,1110.0,6875.0,5377.0,1498.0,12.0,9.0,High School,High School
119,001,District of Columbia Public Schools,463,Woodrow Wilson High School,DCPS,3,At-Risk,,22,,1895,Woodrow Wilson High School,16519,14619,1900,9644.0,9241.0,402.0,6875.0,5377.0,1498.0,12.0,9.0,High School,High School
120,001,District of Columbia Public Schools,464,H.D. Woodson High School,DCPS,7,At-Risk,,69,,541,H.D. Woodson High School,27226,23825,3401,20351.0,18447.0,1903.0,6875.0,5377.0,1498.0,12.0,9.0,High School,High School
121,001,District of Columbia Public Schools,466,School Without Walls High School,DCPS,2,At-Risk,,10,,597,School Without Walls High School,16893,14493,2400,10018.0,9116.0,903.0,6875.0,5377.0,1498.0,12.0,9.0,High School,High School
122,001,District of Columbia Public Schools,467,Dunbar High School,DCPS,5,At-Risk,,65,,738,Dunbar High School,20005,17420,2585,13130.0,12043.0,1087.0,6875.0,5377.0,1498.0,12.0,9.0,High School,High School
123,001,District of Columbia Public Schools,471,Duke Ellington School of the Arts,DCPS,2,At-Risk,,26,,579,Duke Ellington School of the,16176,14656,1520,9301.0,9278.0,23.0,6875.0,5377.0,1498.0,12.0,9.0,High School,High School
124,001,District of Columbia Public Schools,474,Washington Metropolitan High School,DCPS (Alternative),1,At-Risk,,90,,189,Washington Metropolitan High School,39233,35602,3631,32358.0,30225.0,2133.0,6875.0,5377.0,1498.0,12.0,8.0,Alternative Framework,High School
125,001,District of Columbia Public Schools,478,"Phelps Architecture, Construction and Engineering High School",DCPS,5,At-Risk,,51,,270,"Phelps Architecture, Construction and Engineering",24828,22284,2544,17953.0,16907.0,1047.0,6875.0,5377.0,1498.0,12.0,9.0,High School,High School
126,107,Bridges PCS,142,Bridges PCS,Charter,5,At-Risk,,36,,426,Bridges PCS,29446,27425,2021,,,,,,,5.0,-2.0,Elementary School,Elementary School
127,108,Capital City PCS,1207,Capital City PCS - High School,Charter,4,At-Risk,,43,,340,Capital City PCS - High,26679,24961,1719,21687.0,20022.0,1665.0,4992.0,4938.0,54.0,12.0,9.0,High School,High School
128,108,Capital City PCS,182,Capital City PCS - Middle School,Charter,4,At-Risk,,29,,337,Capital City PCS - Middle,25724,24066,1657,20910.0,19305.0,1605.0,4814.0,4761.0,52.0,8.0,5.0,Middle School,Middle School
129,108,Capital City PCS,184,Capital City PCS - Lower School,Charter,4,At-Risk,,35,,330,Capital City PCS - Lower,27671,25888,1783,22493.0,20766.0,1726.0,5178.0,5122.0,56.0,4.0,-2.0,Elementary School,Elementary School
130,109,Cesar Chavez PCS for Public Policy,102,Cesar Chavez PCS for Public Policy - Parkside Middle School,Charter,7,At-Risk,,75,,133,Cesar Chavez PCS for Public,27908,26231,1678,26083.0,24579.0,1504.0,1826.0,1652.0,174.0,8.0,7.0,Middle School,Middle School
131,109,Cesar Chavez PCS for Public Policy,109,Cesar Chavez PCS for Public Policy - Parkside High School,Charter,7,At-Risk,,66,,360,Cesar Chavez PCS for Public,28872,26204,2668,25912.0,23581.0,2331.0,2959.0,2623.0,337.0,12.0,9.0,High School,High School
132,114,DC Bilingual PCS,199,DC Bilingual PCS,Charter,5,At-Risk,,27,,445,DC Bilingual PCS,21650,19584,2066,,,,,,,5.0,-2.0,Elementary School,Elementary School
133,115,DC Prep PCS,1110,DC Prep PCS - Benning Elementary School,Charter,7,At-Risk,,58,,455,DC Prep PCS - Benning,19968,18036,1932,16515.0,14845.0,1669.0,3453.0,3191.0,263.0,3.0,-2.0,Elementary School,Elementary School
134,115,DC Prep PCS,130,DC Prep PCS - Edgewood Elementary School,Charter,5,At-Risk,,41,,457,DC Prep PCS - Edgewood,19194,17421,1773,15740.0,14230.0,1510.0,3453.0,3191.0,263.0,3.0,-2.0,Elementary School,Elementary School
135,115,DC Prep PCS,196,DC Prep PCS - Edgewood Middle School,Charter,5,At-Risk,,33,,336,DC Prep PCS - Edgewood,20193,18663,1530,16740.0,15472.0,1268.0,3453.0,3191.0,263.0,8.0,4.0,Elementary School,Middle School
136,115,DC Prep PCS,196,DC Prep PCS - Edgewood Middle School,Charter,5,At-Risk,,33,,336,DC Prep PCS - Edgewood,20193,18663,1530,16740.0,15472.0,1268.0,3453.0,3191.0,263.0,8.0,4.0,Middle School,Middle School
137,115,DC Prep PCS,218,DC Prep PCS - Benning Middle School,Charter,7,At-Risk,,50,,345,DC Prep PCS - Benning,18633,16914,1718,15179.0,13724.0,1456.0,3453.0,3191.0,263.0,8.0,4.0,Elementary School,Middle School
138,115,DC Prep PCS,218,DC Prep PCS - Benning Middle School,Charter,7,At-Risk,,50,,345,DC Prep PCS - Benning,18633,16914,1718,15179.0,13724.0,1456.0,3453.0,3191.0,263.0,8.0,4.0,Middle School,Middle School
139,116,E.L. Haynes PCS,1138,E.L. Haynes PCS - High School,Charter,4,At-Risk,,52,,447,E.L. Haynes PCS - High,23363,21892,1471,20235.0,18779.0,1456.0,3128.0,3113.0,15.0,12.0,9.0,High School,High School
140,116,E.L. Haynes PCS,1206,E.L. Haynes PCS - Elementary School,Charter,4,At-Risk,,33,,353,E.L. Haynes PCS - Elementary,22317,20911,1405,19328.0,17937.0,1391.0,2988.0,2974.0,14.0,4.0,-2.0,Elementary School,Elementary School
141,116,E.L. Haynes PCS,146,E.L. Haynes PCS - Middle School,Charter,1,At-Risk,,38,,360,E.L. Haynes PCS - Middle,20871,19556,1314,18076.0,16775.0,1301.0,2795.0,2781.0,13.0,8.0,5.0,Middle School,Middle School
142,117,Eagle Academy PCS,1125,Eagle Academy PCS - Capitol Riverfront,Charter,8,At-Risk,,57,,159,Eagle Academy PCS - Capitol,26862,22937,3925,24059.0,20135.0,3925.0,2803.0,2803.0,0.0,3.0,-2.0,Elementary School,Elementary School
143,117,Eagle Academy PCS,195,Eagle Academy PCS - Congress Heights,Charter,8,At-Risk,,69,,708,Eagle Academy PCS - Congress,26862,23098,3764,24059.0,20296.0,3764.0,2803.0,2803.0,0.0,3.0,-2.0,Elementary School,Elementary School
144,118,Early Childhood Academy PCS,138,Early Childhood Academy PCS,Charter,8,At-Risk,,74,,261,Early Childhood Academy PCS,23318,18403,4915,,,,,,,3.0,-2.0,Elementary School,Elementary School
145,120,Friendship PCS,1057,Friendship PCS - Southeast Middle School,Charter,8,At-Risk,,69,,181,Friendship PCS - Southeast Middle,20408,17563,2845,17495.0,15003.0,2492.0,2913.0,2559.0,354.0,6.0,4.0,Elementary School,Elementary School
146,120,Friendship PCS,1124,Friendship PCS - Technology Preparatory Middle School,Charter,8,At-Risk,,65,,142,Friendship PCS - Technology Preparatory,22919,20186,2733,20006.0,17580.0,2426.0,2913.0,2606.0,307.0,8.0,7.0,Middle School,Middle School
147,120,Friendship PCS,113,Friendship PCS - Southeast Elementary School,Charter,8,At-Risk,,73,,415,Friendship PCS - Southeast Elementary,18680,15875,2806,15767.0,13338.0,2429.0,2913.0,2537.0,376.0,3.0,-2.0,Elementary School,Elementary School
148,120,Friendship PCS,1164,Friendship PCS - Technology Preparatory High School,Charter,8,At-Risk,,63,,277,Friendship PCS - Technology Preparatory,22919,19145,3773,20006.0,16656.0,3350.0,2913.0,2489.0,424.0,12.0,9.0,High School,High School
149,120,Friendship PCS,186,Friendship PCS - Collegiate Academy,Charter,7,At-Risk,,59,,573,Friendship PCS - Collegiate Academy,23509,20353,3156,20596.0,17786.0,2810.0,2913.0,2567.0,346.0,12.0,9.0,High School,High School
150,120,Friendship PCS,268,Friendship PCS - Online,Charter,4,At-Risk,,55,,216,Friendship PCS - Online,18302,17999,303,15389.0,15128.0,262.0,2913.0,2872.0,41.0,8.0,0.0,Elementary School,K-8 School
151,120,Friendship PCS,268,Friendship PCS - Online,Charter,4,At-Risk,,55,,216,Friendship PCS - Online,18302,17999,303,15389.0,15128.0,262.0,2913.0,2872.0,41.0,8.0,0.0,Middle School,K-8 School
152,120,Friendship PCS,269,Friendship PCS - Armstrong,Charter,5,At-Risk,,61,,417,Friendship PCS - Armstrong,19924,16986,2938,17011.0,14446.0,2565.0,2913.0,2540.0,373.0,5.0,-2.0,Elementary School,Elementary School
153,120,Friendship PCS,361,Friendship PCS - Blow Pierce Elementary School,Charter,7,At-Risk,,77,,399,Friendship PCS - Blow Pierce,18095,14978,3116,15182.0,12495.0,2687.0,2913.0,2483.0,430.0,3.0,-2.0,Elementary School,Elementary School
154,120,Friendship PCS,362,Friendship PCS - Blow Pierce Middle School,Charter,7,At-Risk,,73,,250,Friendship PCS - Blow Pierce,18095,15858,2237,15182.0,13253.0,1929.0,2913.0,2605.0,309.0,8.0,4.0,Elementary School,Middle School
155,120,Friendship PCS,362,Friendship PCS - Blow Pierce Middle School,Charter,7,At-Risk,,73,,250,Friendship PCS - Blow Pierce,18095,15858,2237,15182.0,13253.0,1929.0,2913.0,2605.0,309.0,8.0,4.0,Middle School,Middle School
156,120,Friendship PCS,363,Friendship PCS - Chamberlain Elementary School,Charter,6,At-Risk,,57,,372,Friendship PCS - Chamberlain Elementary,18276,14634,3642,15363.0,12218.0,3144.0,2913.0,2415.0,498.0,3.0,-2.0,Elementary School,Elementary School
157,120,Friendship PCS,364,Friendship PCS - Chamberlain Middle School,Charter,6,At-Risk,,52,,316,Friendship PCS - Chamberlain Middle,18276,15765,2511,15363.0,13195.0,2167.0,2913.0,2570.0,343.0,8.0,4.0,Elementary School,Middle School
158,120,Friendship PCS,364,Friendship PCS - Chamberlain Middle School,Charter,6,At-Risk,,52,,316,Friendship PCS - Chamberlain Middle,18276,15765,2511,15363.0,13195.0,2167.0,2913.0,2570.0,343.0,8.0,4.0,Middle School,Middle School
159,120,Friendship PCS,365,Friendship PCS - Woodridge Elementary School,Charter,5,At-Risk,,46,,299,Friendship PCS - Woodridge Elementary,19935,17642,2293,17022.0,15020.0,2002.0,2913.0,2622.0,291.0,3.0,-2.0,Elementary School,Elementary School
160,120,Friendship PCS,366,Friendship PCS - Woodridge Middle School,Charter,5,At-Risk,,37,,229,Friendship PCS - Woodridge Middle,19935,17642,2293,17022.0,15020.0,2002.0,2913.0,2622.0,291.0,8.0,4.0,Elementary School,Middle School
161,120,Friendship PCS,366,Friendship PCS - Woodridge Middle School,Charter,5,At-Risk,,37,,229,Friendship PCS - Woodridge Middle,19935,17642,2293,17022.0,15020.0,2002.0,2913.0,2622.0,291.0,8.0,4.0,Middle School,Middle School
162,121,Hope Community PCS,114,Hope Community PCS - Tolson,Charter,5,At-Risk,,60,,485,Hope Community PCS - Tolson,24434,22752,1683,21802.0,20119.0,1683.0,2633.0,2633.0,0.0,8.0,-2.0,Elementary School,K-8 School
163,121,Hope Community PCS,114,Hope Community PCS - Tolson,Charter,5,At-Risk,,60,,485,Hope Community PCS - Tolson,24434,22752,1683,21802.0,20119.0,1683.0,2633.0,2633.0,0.0,8.0,-2.0,Middle School,K-8 School
164,121,Hope Community PCS,131,Hope Community PCS - Lamond,Charter,4,At-Risk,,52,,294,Hope Community PCS - Lamond,23695,22212,1482,21124.0,19642.0,1482.0,2571.0,2571.0,0.0,5.0,-2.0,Elementary School,Elementary School
165,124,Howard University Middle School of Mathematics and Science PCS,115,Howard University Middle School of Mathematics and Science PCS,Charter,1,At-Risk,,47,,286,Howard University Middle School of,24485,22989,1496,,,,,,,8.0,6.0,Middle School,Middle School
166,125,Perry Street Preparatory PCS,161,Perry Street Preparatory PCS,Charter,5,At-Risk,,54,,382,Perry Street Preparatory PCS,23572,21754,1818,,,,,,,8.0,-2.0,Elementary School,K-8 School
167,125,Perry Street Preparatory PCS,161,Perry Street Preparatory PCS,Charter,5,At-Risk,,54,,382,Perry Street Preparatory PCS,23572,21754,1818,,,,,,,8.0,-2.0,Middle School,K-8 School
168,126,IDEA PCS,163,IDEA PCS,Charter,7,At-Risk,,69,,335,IDEA PCS,25505,23263,2243,,,,,,,12.0,9.0,High School,High School
169,129,KIPP DC PCS,1121,KIPP DC - Promise Academy PCS,Charter,7,At-Risk,,59,,522,KIPP DC - Promise Academy,18393,16015,2379,15965.0,13954.0,2011.0,2428.0,2060.0,368.0,4.0,0.0,Elementary School,Elementary School
170,129,KIPP DC PCS,1123,KIPP DC - College Preparatory Academy PCS,Charter,5,At-Risk,,51,,822,KIPP DC - College Preparatory,23573,21528,2044,21145.0,19468.0,1677.0,2428.0,2060.0,368.0,12.0,9.0,High School,High School
171,129,KIPP DC PCS,116,KIPP DC - AIM Academy PCS,Charter,8,At-Risk,,56,,394,KIPP DC - AIM Academy,19210,17042,2168,16782.0,14982.0,1800.0,2428.0,2060.0,368.0,8.0,5.0,Middle School,Middle School
172,129,KIPP DC PCS,121,KIPP DC - WILL Academy PCS,Charter,6,At-Risk,,46,,337,KIPP DC - WILL Academy,19991,17922,2070,17564.0,15861.0,1702.0,2428.0,2060.0,368.0,8.0,5.0,Middle School,Middle School
173,129,KIPP DC PCS,189,KIPP DC - KEY Academy PCS,Charter,7,At-Risk,,47,,341,KIPP DC - KEY Academy,19265,17208,2057,16837.0,15148.0,1689.0,2428.0,2060.0,368.0,8.0,5.0,Middle School,Middle School
174,129,KIPP DC PCS,190,KIPP DC - Lead Academy PCS,Charter,6,At-Risk,,47,,414,KIPP DC - Lead Academy,17266,15208,2058,14838.0,13148.0,1690.0,2428.0,2060.0,368.0,4.0,1.0,Elementary School,Elementary School
175,129,KIPP DC PCS,214,KIPP DC - Spring Academy PCS,Charter,5,At-Risk,,54,,422,KIPP DC - Spring Academy,17759,15603,2156,15331.0,13543.0,1789.0,2428.0,2060.0,368.0,4.0,1.0,Elementary School,Elementary School
176,129,KIPP DC PCS,237,KIPP DC - Quest Academy PCS,Charter,7,At-Risk,,58,,427,KIPP DC - Quest Academy,18443,16344,2099,16015.0,14284.0,1732.0,2428.0,2060.0,368.0,4.0,1.0,Elementary School,Elementary School
177,129,KIPP DC PCS,242,KIPP DC - Northeast Academy PCS,Charter,5,At-Risk,,48,,334,KIPP DC - Northeast Academy,19985,18042,1943,17557.0,15981.0,1576.0,2428.0,2060.0,368.0,8.0,5.0,Middle School,Middle School
178,129,KIPP DC PCS,243,KIPP DC - Valor Academy PCS,Charter,7,At-Risk,,54,,340,KIPP DC - Valor Academy,19455,17361,2093,17027.0,15301.0,1726.0,2428.0,2060.0,368.0,8.0,5.0,Middle School,Middle School
179,129,KIPP DC PCS,3071,KIPP DC - Heights Academy PCS,Charter,8,At-Risk,,62,,471,KIPP DC - Heights Academy,18763,16585,2178,16335.0,14524.0,1811.0,2428.0,2060.0,368.0,4.0,1.0,Elementary School,Elementary School
180,130,Latin American Montessori Bilingual PCS,193,Latin American Montessori Bilingual PCS,Charter,4,At-Risk,,8,,479,Latin American Montessori Bilingual PCS,18933,18260,673,,,,,,,5.0,-2.0,Elementary School,Elementary School
181,132,Mary McLeod Bethune Day Academy PCS,135,Mary McLeod Bethune Day Academy PCS,Charter,5,At-Risk,,48,,442,Mary McLeod Bethune Day Academy,21661,19553,2108,,,,,,,8.0,-2.0,Elementary School,K-8 School
182,132,Mary McLeod Bethune Day Academy PCS,135,Mary McLeod Bethune Day Academy PCS,Charter,5,At-Risk,,48,,442,Mary McLeod Bethune Day Academy,21661,19553,2108,,,,,,,8.0,-2.0,Middle School,K-8 School
183,133,Maya Angelou PCS,101,Maya Angelou PCS - High School,Charter (Alternative),7,At-Risk,,92,,237,Maya Angelou PCS - High,38480,35661,2819,36210.0,33391.0,2819.0,2270.0,2270.0,0.0,12.0,9.0,Alternative Framework,High School
184,135,Meridian PCS,165,Meridian PCS,Charter,1,At-Risk,,49,,672,Meridian PCS,20487,18861,1626,,,,,,,8.0,-2.0,Elementary School,K-8 School
185,135,Meridian PCS,165,Meridian PCS,Charter,1,At-Risk,,49,,672,Meridian PCS,20487,18861,1626,,,,,,,8.0,-2.0,Middle School,K-8 School
186,138,Paul PCS,170,Paul PCS - Middle School,Charter,4,At-Risk,,37,,267,Paul PCS - Middle School,23945,22890,1055,11153.0,11153.0,0.0,12792.0,11737.0,1055.0,8.0,6.0,Middle School,Middle School
187,138,Paul PCS,222,Paul PCS - International High School,Charter,4,At-Risk,,57,,480,Paul PCS - International High,23433,22225,1208,10641.0,10489.0,153.0,12792.0,11737.0,1055.0,12.0,9.0,High School,High School
188,140,Roots PCS,173,Roots PCS,Charter,4,At-Risk,,54,,112,Roots PCS,20026,18179,1848,,,,,,,5.0,-2.0,Elementary School,Elementary School
189,142,"SEED PCS of Washington, DC",174,SEED PCS of Washington DC,Charter,7,At-Risk,,62,,290,SEED PCS of Washington DC,47671,47671,0,,,,,,,12.0,7.0,High School,High School
190,142,"SEED PCS of Washington, DC",174,SEED PCS of Washington DC,Charter,7,At-Risk,,62,,290,SEED PCS of Washington DC,47671,47671,0,,,,,,,12.0,7.0,Middle School,High School
191,144,Elsie Whitlow Stokes Community Freedom PCS,159,Elsie Whitlow Stokes Community Freedom PCS - Brookland,Charter,5,At-Risk,,11,,352,Elsie Whitlow Stokes Community Freedom,16482,14904,1578,14564.0,14459.0,105.0,1918.0,445.0,1474.0,5.0,-2.0,Elementary School,Elementary School
192,146,Thurgood Marshall Academy PCS,191,Thurgood Marshall Academy PCS,Charter,8,At-Risk,,54,,398,Thurgood Marshall Academy PCS,20402,18649,1753,,,,,,,12.0,9.0,High School,High School
193,149,Two Rivers PCS,198,Two Rivers PCS - 4th St,Charter,6,At-Risk,,22,,538,Two Rivers PCS - 4th,19593,18500,1093,19593.0,18500.0,1093.0,0.0,0.0,0.0,8.0,-2.0,Elementary School,K-8 School
194,149,Two Rivers PCS,198,Two Rivers PCS - 4th St,Charter,6,At-Risk,,22,,538,Two Rivers PCS - 4th,19593,18500,1093,19593.0,18500.0,1093.0,0.0,0.0,0.0,8.0,-2.0,Middle School,K-8 School
195,149,Two Rivers PCS,270,Two Rivers PCS - Young,Charter,5,At-Risk,,20,,341,Two Rivers PCS - Young,18910,18149,761,18910.0,18149.0,761.0,0.0,0.0,0.0,4.0,-2.0,Elementary School,Elementary School
196,151,Washington Latin PCS,1118,Washington Latin PCS - Upper School,Charter,4,At-Risk,,14,,333,Washington Latin PCS - Upper,19446,18954,492,19446.0,18954.0,492.0,0.0,0.0,0.0,12.0,9.0,High School,High School
197,151,Washington Latin PCS,125,Washington Latin PCS - Middle School,Charter,4,At-Risk,,7,,374,Washington Latin PCS - Middle,16829,16404,426,16829.0,16404.0,426.0,0.0,0.0,0.0,8.0,5.0,Middle School,Middle School
198,155,Achievement Preparatory Academy PCS,1100,Achievement Preparatory Academy PCS - Wahler Place Middle School,Charter,8,At-Risk,,65,,459,Achievement Preparatory Academy PCS -,17575,15448,2126,13403.0,11493.0,1910.0,4171.0,3955.0,216.0,8.0,4.0,Elementary School,Middle School
199,155,Achievement Preparatory Academy PCS,1100,Achievement Preparatory Academy PCS - Wahler Place Middle School,Charter,8,At-Risk,,65,,459,Achievement Preparatory Academy PCS -,17575,15448,2126,13403.0,11493.0,1910.0,4171.0,3955.0,216.0,8.0,4.0,Middle School,Middle School
200,155,Achievement Preparatory Academy PCS,217,Achievement Preparatory Academy PCS - Wahler Place Elementary School,Charter,8,At-Risk,,67,,379,Achievement Preparatory Academy PCS -,22085,20068,2018,18270.0,16447.0,1823.0,3815.0,3621.0,195.0,3.0,-2.0,Elementary School,Elementary School
201,156,Center City PCS,1103,Center City PCS - Brightwood,Charter,4,At-Risk,,31,,260,Center City PCS - Brightwood,19236,17487,1748,15423.0,13814.0,1609.0,3812.0,3674.0,139.0,8.0,-2.0,Elementary School,K-8 School
202,156,Center City PCS,1103,Center City PCS - Brightwood,Charter,4,At-Risk,,31,,260,Center City PCS - Brightwood,19236,17487,1748,15423.0,13814.0,1609.0,3812.0,3674.0,139.0,8.0,-2.0,Middle School,K-8 School
203,156,Center City PCS,1104,Center City PCS - Capitol Hill,Charter,6,At-Risk,,56,,270,Center City PCS - Capitol,17404,15816,1589,13852.0,12403.0,1450.0,3552.0,3413.0,139.0,8.0,-2.0,Elementary School,K-8 School
204,156,Center City PCS,1104,Center City PCS - Capitol Hill,Charter,6,At-Risk,,56,,270,Center City PCS - Capitol,17404,15816,1589,13852.0,12403.0,1450.0,3552.0,3413.0,139.0,8.0,-2.0,Middle School,K-8 School
205,156,Center City PCS,1105,Center City PCS - Congress Heights,Charter,8,At-Risk,,54,,256,Center City PCS - Congress,17735,16060,1674,14288.0,12753.0,1535.0,3446.0,3307.0,139.0,8.0,-2.0,Elementary School,K-8 School
206,156,Center City PCS,1105,Center City PCS - Congress Heights,Charter,8,At-Risk,,54,,256,Center City PCS - Congress,17735,16060,1674,14288.0,12753.0,1535.0,3446.0,3307.0,139.0,8.0,-2.0,Middle School,K-8 School
207,156,Center City PCS,1106,Center City PCS - Petworth,Charter,4,At-Risk,,33,,255,Center City PCS - Petworth,19735,17941,1794,15996.0,14341.0,1655.0,3739.0,3600.0,139.0,8.0,-2.0,Elementary School,K-8 School
208,156,Center City PCS,1106,Center City PCS - Petworth,Charter,4,At-Risk,,33,,255,Center City PCS - Petworth,19735,17941,1794,15996.0,14341.0,1655.0,3739.0,3600.0,139.0,8.0,-2.0,Middle School,K-8 School
209,156,Center City PCS,1107,Center City PCS - Shaw,Charter,6,At-Risk,,44,,237,Center City PCS - Shaw,18951,17233,1718,15252.0,13673.0,1579.0,3699.0,3560.0,139.0,8.0,-1.0,Elementary School,K-8 School
210,156,Center City PCS,1107,Center City PCS - Shaw,Charter,6,At-Risk,,44,,237,Center City PCS - Shaw,18951,17233,1718,15252.0,13673.0,1579.0,3699.0,3560.0,139.0,8.0,-1.0,Middle School,K-8 School
211,156,Center City PCS,1108,Center City PCS - Trinidad,Charter,5,At-Risk,,61,,209,Center City PCS - Trinidad,21089,19184,1906,17417.0,15650.0,1767.0,3672.0,3534.0,139.0,8.0,-2.0,Elementary School,K-8 School
212,156,Center City PCS,1108,Center City PCS - Trinidad,Charter,5,At-Risk,,61,,209,Center City PCS - Trinidad,21089,19184,1906,17417.0,15650.0,1767.0,3672.0,3534.0,139.0,8.0,-2.0,Middle School,K-8 School
213,160,Washington Yu Ying PCS,1117,Washington Yu Ying PCS,Charter,5,At-Risk,,6,,570,Washington Yu Ying PCS,17242,16503,738,,,,,,,5.0,-2.0,Elementary School,Elementary School
214,163,National Collegiate Preparatory PCHS,1120,National Collegiate Preparatory PCHS,Charter,8,At-Risk,,74,,268,National Collegiate Preparatory PCHS,24015,21878,2137,,,,,,,12.0,9.0,High School,High School
215,165,Inspired Teaching Demonstration PCS,3064,Inspired Teaching Demonstration PCS,Charter,5,At-Risk,,17,,475,Inspired Teaching Demonstration PCS,17551,16994,557,,,,,,,8.0,-2.0,Elementary School,K-8 School
216,165,Inspired Teaching Demonstration PCS,3064,Inspired Teaching Demonstration PCS,Charter,5,At-Risk,,17,,475,Inspired Teaching Demonstration PCS,17551,16994,557,,,,,,,8.0,-2.0,Middle School,K-8 School
217,166,Shining Stars Montessori Academy PCS,3066,Shining Stars Montessori Academy PCS,Charter,5,At-Risk,,17,,315,Shining Stars Montessori Academy PCS,19108,18337,771,,,,,,,6.0,-2.0,Elementary School,Elementary School
218,167,Richard Wright PCS for Journalism and Media Arts,3067,Richard Wright PCS for Journalism and Media Arts,Charter,6,At-Risk,,63,,303,Richard Wright PCS for Journalism,20592,18708,1883,,,,,,,12.0,8.0,High School,High School
219,168,Basis DC PCS,3068,BASIS DC PCS,Charter,2,At-Risk,,8,,642,BASIS DC PCS,12423,12173,250,,,,,,,12.0,5.0,High School,High School
220,168,Basis DC PCS,3068,BASIS DC PCS,Charter,2,At-Risk,,8,,642,BASIS DC PCS,12423,12173,250,,,,,,,12.0,5.0,Middle School,High School
221,169,Creative Minds International PCS,3069,Creative Minds International PCS,Charter,5,At-Risk,,16,,512,Creative Minds International PCS,24753,24087,666,,,,,,,8.0,-2.0,Elementary School,K-8 School
222,169,Creative Minds International PCS,3069,Creative Minds International PCS,Charter,5,At-Risk,,16,,512,Creative Minds International PCS,24753,24087,666,,,,,,,8.0,-2.0,Middle School,K-8 School
223,170,DC Scholars PCS,3070,DC Scholars PCS,Charter,7,At-Risk,,63,,548,DC Scholars PCS,20321,18170,2151,,,,,,,8.0,-2.0,Elementary School,K-8 School
224,170,DC Scholars PCS,3070,DC Scholars PCS,Charter,7,At-Risk,,63,,548,DC Scholars PCS,20321,18170,2151,,,,,,,8.0,-2.0,Middle School,K-8 School
225,171,Mundo Verde Bilingual PCS,3065,Mundo Verde Bilingual PCS,Charter,5,At-Risk,,12,,604,Mundo Verde Bilingual PCS,17961,17126,835,17961.0,17126.0,835.0,0.0,0.0,0.0,5.0,-2.0,Elementary School,Elementary School
226,173,Ingenuity Prep PCS,200,Ingenuity Prep PCS,Charter,8,At-Risk,,65,,571,Ingenuity Prep PCS,22919,20983,1935,,,,,,,5.0,-2.0,Elementary School,Elementary School
227,174,Sela PCS,197,Sela PCS,Charter,4,At-Risk,,18,,232,Sela PCS,20086,19065,1021,,,,,,,5.0,-2.0,Elementary School,Elementary School
228,177,Lee Montessori PCS,228,Lee Montessori PCS,Charter,5,At-Risk,,11,,215,Lee Montessori PCS,23187,22189,999,23187.0,22189.0,999.0,0.0,0.0,0.0,5.0,-2.0,Elementary School,Elementary School
229,180,Harmony DC PCS,245,Harmony DC PCS - School of Excellence,Charter,5,At-Risk,,67,,122,Harmony DC PCS - School,24606,22512,2094,,,,,,,5.0,0.0,Elementary School,Elementary School
230,181,District of Columbia International School,248,District of Columbia International School,Charter,4,At-Risk,,19,,1066,District of Columbia International School,14049,13145,905,,,,,,,11.0,6.0,High School,High School
231,181,District of Columbia International School,248,District of Columbia International School,Charter,4,At-Risk,,19,,1066,District of Columbia International School,14049,13145,905,,,,,,,11.0,6.0,Middle School,High School
232,184,Monument Academy PCS,260,Monument Academy PCS,Charter (Alternative),6,At-Risk,,82,,142,Monument Academy PCS,72601,69316,3286,,,,,,,8.0,5.0,Alternative Framework,Middle School
233,185,Washington Global PCS,263,Washington Global PCS,Charter,6,At-Risk,,59,,221,Washington Global PCS,20828,18832,1996,,,,,,,8.0,6.0,Middle School,Middle School
234,186,Kingsman Academy PCS,267,Kingsman Academy PCS,Charter (Alternative),6,At-Risk,,91,,331,Kingsman Academy PCS,29369,29070,298,,,,,,,12.0,6.0,Alternative Framework,High School
235,188,The Children's Guild DC PCS,255,The Children's Guild PCS,Charter (Alternative),5,At-Risk,,79,,393,The Children's Guild PCS,35129,32851,2278,,,,,,,8.0,0.0,Alternative Framework,K-8 School
236,191,Rocketship DC PCS,1016,Rocketship DC PCS - Legacy Prep,Charter,7,At-Risk,,70,,480,Rocketship DC PCS - Legacy,22941,21749,1192,22175.0,20983.0,1192.0,766.0,766.0,0.0,3.0,-2.0,Elementary School,Elementary School
237,191,Rocketship DC PCS,286,Rocketship DC PCS - Rise Academy,Charter,8,At-Risk,,80,,654,Rocketship DC PCS - Rise,22463,21092,1371,21752.0,20381.0,1371.0,711.0,711.0,0.0,4.0,-2.0,Elementary School,Elementary School
238,194,Washington Leadership Academy PCS,283,Washington Leadership Academy PCS,Charter,5,At-Risk,,55,,316,Washington Leadership Academy PCS,20638,19103,1535,,,,,,,11.0,9.0,High School,High School
239,314,Statesman College Preparatory Academy for Boys PCS,1037,Statesman College Preparatory Academy for Boys PCS,Charter,8,At-Risk,,47,,57,Statesman College Preparatory Academy for,35143,29901,5242,,,,,,,4.0,4.0,Elementary School,Elementary School
240,317,Digital Pioneers Academy PCS,1038,Digital Pioneers Academy PCS,Charter,7,At-Risk,,66,,127,Digital Pioneers Academy PCS,34648,28185,6463,,,,,,,6.0,6.0,Middle School,Elementary School
